pref_code,pref_name,pref_name_en,muni_code,muni_name,muni_name_en
25,滋賀県,Shiga,25201,大津市,Otsu-shi
25,滋賀県,Shiga,25202,彦根市,Hikone-shi
25,滋賀県,Shiga,25203,長浜市,Nagahama-shi
25,滋賀県,Shiga,25204,近江八幡市,Omihachiman-shi
25,滋賀県,Shiga,25206,草津市,Kusatsu-shi
25,滋賀県,Shiga,25207,守山市,Moriyama-shi
25,滋賀県,Shiga,25208,栗東市,Ritto-shi
25,滋賀県,Shiga,25209,甲賀市,Koka-shi
25,滋賀県,Shiga,25210,野洲市,Yasu-shi
25,滋賀県,Shiga,25211,湖南市,Konan-shi
25,滋賀県,Shiga,25212,高島市,Takashima-shi
25,滋賀県,Shiga,25213,東近江市,Higashiomi-shi
25,滋賀県,Shiga,25214,米原市,Maibara-shi
25,滋賀県,Shiga,25383,蒲生郡日野町,Hino-cho
25,滋賀県,Shiga,25384,蒲生郡竜王町,Ryuo-cho
25,滋賀県,Shiga,25425,愛知郡愛荘町,Aisho-cho
25,滋賀県,Shiga,25441,犬上郡豊郷町,Toyosato-cho
25,滋賀県,Shiga,25442,犬上郡甲良町,Kora-cho
25,滋賀県,Shiga,25443,犬上郡多賀町,Taga-cho
26,京都府,Kyoto,26101,京都市北区,Kita-ku Kyoto-shi
26,京都府,Kyoto,26102,京都市上京区,Kamigyo-ku Kyoto-shi
26,京都府,Kyoto,26103,京都市左京区,Sakyo-ku Kyoto-shi
26,京都府,Kyoto,26104,京都市中京区,Nakagyo-ku Kyoto-shi
26,京都府,Kyoto,26105,京都市東山区,Higashiyama-ku Kyoto-shi
26,京都府,Kyoto,26106,京都市下京区,Shimogyo-ku Kyoto-shi
26,京都府,Kyoto,26107,京都市南区,Minami-ku Kyoto-shi
26,京都府,Kyoto,26108,京都市右京区,Ukyo-ku Kyoto-shi
26,京都府,Kyoto,26109,京都市伏見区,Fushimi-ku Kyoto-shi
26,京都府,Kyoto,26110,京都市山科区,Yamashina-ku Kyoto-shi
26,京都府,Kyoto,26111,京都市西京区,Nishikyo-ku Kyoto-shi
26,京都府,Kyoto,26201,福知山市,Fukuchiyama-shi
26,京都府,Kyoto,26202,舞鶴市,Maizuru-shi
26,京都府,Kyoto,26203,綾部市,Ayabe-shi
26,京都府,Kyoto,26204,宇治市,Uji-shi
26,京都府,Kyoto,26205,宮津市,Miyazu-shi
26,京都府,Kyoto,26206,亀岡市,Kameoka-shi
26,京都府,Kyoto,26207,城陽市,Joyo-shi
26,京都府,Kyoto,26208,向日市,Muko-shi
26,京都府,Kyoto,26209,長岡京市,Nagaokakyo-shi
26,京都府,Kyoto,26210,八幡市,Yawata-shi
26,京都府,Kyoto,26211,京田辺市,Kyotanabe-shi
26,京都府,Kyoto,26212,京丹後市,Kyotango-shi
26,京都府,Kyoto,26213,南丹市,Nantan-shi
26,京都府,Kyoto,26214,木津川市,Kizugawa-shi
26,京都府,Kyoto,26303,乙訓郡大山崎町,Oyamazaki-cho
26,京都府,Kyoto,26322,久世郡久御山町,Kumiyama-cho
26,京都府,Kyoto,26343,綴喜郡井手町,Ide-cho
26,京都府,Kyoto,26344,綴喜郡宇治田原町,Ujitawara-cho
26,京都府,Kyoto,26364,相楽郡笠置町,Kasagi-cho
26,京都府,Kyoto,26365,相楽郡和束町,Wazuka-cho
26,京都府,Kyoto,26366,相楽郡精華町,Seika-cho
26,京都府,Kyoto,26367,相楽郡南山城村,Minamiyamashiro-mura
26,京都府,Kyoto,26407,船井郡京丹波町,Kyotamba-cho
26,京都府,Kyoto,26463,与謝郡伊根町,Ine-cho
26,京都府,Kyoto,26465,与謝郡与謝野町,Yosano-cho
27,大阪府,Osaka,27102,大阪市都島区,Miyakojima-ku Osaka-shi
27,大阪府,Osaka,27103,大阪市福島区,Fukushima-ku Osaka-shi
27,大阪府,Osaka,27104,大阪市此花区,Konohana-ku Osaka-shi
27,大阪府,Osaka,27106,大阪市西区,Nishi-ku Osaka-shi
27,大阪府,Osaka,27107,大阪市港区,Minato-ku Osaka-shi
27,大阪府,Osaka,27108,大阪市大正区,Taisho-ku Osaka-shi
27,大阪府,Osaka,27109,大阪市天王寺区,Tennoji-ku Osaka-shi
27,大阪府,Osaka,27111,大阪市浪速区,Naniwa-ku Osaka-shi
27,大阪府,Osaka,27113,大阪市西淀川区,Nishiyodogawa-ku Osaka-shi
27,大阪府,Osaka,27114,大阪市東淀川区,Higashiyodogawa-ku Osaka-shi
27,大阪府,Osaka,27115,大阪市東成区,Higashinari-ku Osaka-shi
27,大阪府,Osaka,27116,大阪市生野区,Ikuno-ku Osaka-shi
27,大阪府,Osaka,27117,大阪市旭区,Asahi-ku Osaka-shi
27,大阪府,Osaka,27118,大阪市城東区,Joto-ku Osaka-shi
27,大阪府,Osaka,27119,大阪市阿倍野区,Abeno-ku Osaka-shi
27,大阪府,Osaka,27120,大阪市住吉区,Sumiyoshi-ku Osaka-shi
27,大阪府,Osaka,27121,大阪市東住吉区,Higashisumiyosi-ku Osaka-shi
27,大阪府,Osaka,27122,大阪市西成区,Nisinari-ku Osaka-shi
27,大阪府,Osaka,27123,大阪市淀川区,Yodogawa-ku Osaka-shi
27,大阪府,Osaka,27124,大阪市鶴見区,Tsurumi-ku Osaka-shi
27,大阪府,Osaka,27125,大阪市住之江区,Suminoe-ku Osaka-shi
27,大阪府,Osaka,27126,大阪市平野区,Hirano-ku Osaka-shi
27,大阪府,Osaka,27127,大阪市北区,Kita-ku Osaka-shi
27,大阪府,Osaka,27128,大阪市中央区,Chuo-ku Osaka-shi
27,大阪府,Osaka,27141,堺市堺区,Sakai-ku Sakai-shi
27,大阪府,Osaka,27142,堺市中区,Naka-ku Sakai-shi
27,大阪府,Osaka,27143,堺市東区,Higashi-ku Sakai-shi
27,大阪府,Osaka,27144,堺市西区,Nishi-ku Sakai-shi
27,大阪府,Osaka,27145,堺市南区,Minami-ku Sakai-shi
27,大阪府,Osaka,27146,堺市北区,Kita-ku Sakai-shi
27,大阪府,Osaka,27147,堺市美原区,Mihara-ku Sakai-shi
27,大阪府,Osaka,27202,岸和田市,Kishiwada-shi
27,大阪府,Osaka,27203,豊中市,Toyonaka-shi
27,大阪府,Osaka,27204,池田市,Ikeda-shi
27,大阪府,Osaka,27205,吹田市,Suita-shi
27,大阪府,Osaka,27206,泉大津市,Izumiotsu-shi
27,大阪府,Osaka,27207,高槻市,Takatsuki-shi
27,大阪府,Osaka,27208,貝塚市,Kaizuka-shi
27,大阪府,Osaka,27209,守口市,Moriguchi-shi
27,大阪府,Osaka,27210,枚方市,Hirakata-shi
27,大阪府,Osaka,27211,茨木市,Ibaraki-shi
27,大阪府,Osaka,27212,八尾市,Yao-shi
27,大阪府,Osaka,27213,泉佐野市,Izumisano-shi
27,大阪府,Osaka,27214,富田林市,Tondabayashi-shi
27,大阪府,Osaka,27215,寝屋川市,Neyagawa-shi
27,大阪府,Osaka,27216,河内長野市,Kawachinagano-shi
27,大阪府,Osaka,27217,松原市,Matsubara-shi
27,大阪府,Osaka,27218,大東市,Daito-shi
27,大阪府,Osaka,27219,和泉市,Izumi-shi
27,大阪府,Osaka,27220,箕面市,Mino-shi
27,大阪府,Osaka,27221,柏原市,Kashiwara-shi
27,大阪府,Osaka,27222,羽曳野市,Habikino-shi
27,大阪府,Osaka,27223,門真市,Kadoma-shi
27,大阪府,Osaka,27224,摂津市,Settsu-shi
27,大阪府,Osaka,27225,高石市,Takaishi-shi
27,大阪府,Osaka,27226,藤井寺市,Fujiidera-shi
27,大阪府,Osaka,27227,東大阪市,Higashiosaka-shi
27,大阪府,Osaka,27228,泉南市,Sennan-shi
27,大阪府,Osaka,27229,四條畷市,Shijonawate-shi
27,大阪府,Osaka,27230,交野市,Katano-shi
27,大阪府,Osaka,27231,大阪狭山市,Osakasayama-shi
27,大阪府,Osaka,27232,阪南市,Hannan-shi
27,大阪府,Osaka,27301,三島郡島本町,Shimamoto-cho
27,大阪府,Osaka,27321,豊能郡豊能町,Toyono-cho
27,大阪府,Osaka,27322,豊能郡能勢町,Nose-cho
27,大阪府,Osaka,27341,泉北郡忠岡町,Tadaoka-cho
27,大阪府,Osaka,27361,泉南郡熊取町,Kumatori-cho
27,大阪府,Osaka,27362,泉南郡田尻町,Tajiri-cho
27,大阪府,Osaka,27366,泉南郡岬町,Misaki-cho
27,大阪府,Osaka,27381,南河内郡太子町,Taishi-cho
27,大阪府,Osaka,27382,南河内郡河南町,Kanan-cho
27,大阪府,Osaka,27383,南河内郡千早赤阪村,Chihayaakasaka-mura
28,兵庫県,Hyogo,28101,神戸市東灘区,Higashinada-ku Kobe-shi
28,兵庫県,Hyogo,28102,神戸市灘区,Nada-ku Kobe-shi
28,兵庫県,Hyogo,28105,神戸市兵庫区,Hyogo-ku Kobe-shi
28,兵庫県,Hyogo,28106,神戸市長田区,Nagata-ku Kobe-shi
28,兵庫県,Hyogo,28107,神戸市須磨区,Suma-ku Kobe-shi
28,兵庫県,Hyogo,28108,神戸市垂水区,Tarumi-ku Kobe-shi
28,兵庫県,Hyogo,28109,神戸市北区,Kita-ku Kobe-shi
28,兵庫県,Hyogo,28110,神戸市中央区,Chuo-ku Kobe-shi
28,兵庫県,Hyogo,28111,神戸市西区,Nishi-ku Kobe-shi
28,兵庫県,Hyogo,28201,姫路市,Himeji-shi
28,兵庫県,Hyogo,28202,尼崎市,Amagasaki-shi
28,兵庫県,Hyogo,28203,明石市,Akashi-shi
28,兵庫県,Hyogo,28204,西宮市,Nishinomiya-shi
28,兵庫県,Hyogo,28205,洲本市,Sumoto-shi
28,兵庫県,Hyogo,28206,芦屋市,Ashiya-shi
28,兵庫県,Hyogo,28207,伊丹市,Itami-shi
28,兵庫県,Hyogo,28208,相生市,Aioi-shi
28,兵庫県,Hyogo,28209,豊岡市,Toyoka-shi
28,兵庫県,Hyogo,28210,加古川市,Kakogawa-shi
28,兵庫県,Hyogo,28212,赤穂市,Ako-shi
28,兵庫県,Hyogo,28213,西脇市,Nishiwaki-shi
28,兵庫県,Hyogo,28214,宝塚市,Takarazuka-shi
28,兵庫県,Hyogo,28215,三木市,Miki-shi
28,兵庫県,Hyogo,28216,高砂市,Takasago-shi
28,兵庫県,Hyogo,28217,川西市,Kawanishi-shi
28,兵庫県,Hyogo,28218,小野市,Ono-shi
28,兵庫県,Hyogo,28219,三田市,Sanda-shi
28,兵庫県,Hyogo,28220,加西市,Kasai-shi
28,兵庫県,Hyogo,28221,篠山市,Sasayama-shi
28,兵庫県,Hyogo,28222,養父市,Yabu-shi
28,兵庫県,Hyogo,28223,丹波市,Tamba-shi
28,兵庫県,Hyogo,28224,南あわじ市,Minamiawaji-shi
28,兵庫県,Hyogo,28225,朝来市,Asago-shi
28,兵庫県,Hyogo,28226,淡路市,Awaji-shi
28,兵庫県,Hyogo,28227,宍粟市,Shiso-shi
28,兵庫県,Hyogo,28228,加東市,Kato-shi
28,兵庫県,Hyogo,28229,たつの市,Tatsuno-shi
28,兵庫県,Hyogo,28301,川辺郡猪名川町,Inagawa-cho
28,兵庫県,Hyogo,28365,多可郡多可町,Taka-cho
28,兵庫県,Hyogo,28381,加古郡稲美町,Inami-cho
28,兵庫県,Hyogo,28382,加古郡播磨町,Harima-cho
28,兵庫県,Hyogo,28442,神崎郡市川町,Ichikawa-cho
28,兵庫県,Hyogo,28443,神崎郡福崎町,Fukusaki-cho
28,兵庫県,Hyogo,28446,神崎郡神河町,Kamikawa-cho
28,兵庫県,Hyogo,28464,揖保郡太子町,Taishi-cho
28,兵庫県,Hyogo,28481,赤穂郡上郡町,Kamigori-cho
28,兵庫県,Hyogo,28501,佐用郡佐用町,Sayo-cho
28,兵庫県,Hyogo,28585,美方郡香美町,Kami-cho
28,兵庫県,Hyogo,28586,美方郡新温泉町,Shinonsen-cho
29,奈良県,Nara,29201,奈良市,Nara-shi
29,奈良県,Nara,29202,大和高田市,Yamatotakada-shi
29,奈良県,Nara,29203,大和郡山市,Yamatokoriyama-shi
29,奈良県,Nara,29204,天理市,Tenri-shi
29,奈良県,Nara,29205,橿原市,Kashihara-shi
29,奈良県,Nara,29206,桜井市,Sakurai-shi
29,奈良県,Nara,29207,五條市,Gojo-shi
29,奈良県,Nara,29208,御所市,Gose-shi
29,奈良県,Nara,29209,生駒市,Ikoma-shi
29,奈良県,Nara,29210,香芝市,Kashiba-shi
29,奈良県,Nara,29211,葛城市,Katsuragi-shi
29,奈良県,Nara,29212,宇陀市,Uda-shi
29,奈良県,Nara,29322,山辺郡山添村,Yamazoe-mura
29,奈良県,Nara,29342,生駒郡平群町,Heguri-cho
29,奈良県,Nara,29343,生駒郡三郷町,Sango-cho
29,奈良県,Nara,29344,生駒郡斑鳩町,Ikaruga-cho
29,奈良県,Nara,29345,生駒郡安堵町,Ando-cho
29,奈良県,Nara,29361,磯城郡川西町,Kawanishi-cho
29,奈良県,Nara,29362,磯城郡三宅町,Miyake-cho
29,奈良県,Nara,29363,磯城郡田原本町,Tawaramoto-cho
29,奈良県,Nara,29385,宇陀郡曽爾村,Soni-mura
29,奈良県,Nara,29386,宇陀郡御杖村,Mitsue-mura
29,奈良県,Nara,29401,高市郡高取町,Takatori-cho
29,奈良県,Nara,29402,高市郡明日香村,Asuka-mura
29,奈良県,Nara,29424,北葛城郡上牧町,Kammaki-cho
29,奈良県,Nara,29425,北葛城郡王寺町,Oji-cho
29,奈良県,Nara,29426,北葛城郡広陵町,Koryo-cho
29,奈良県,Nara,29427,北葛城郡河合町,Kawai-cho
29,奈良県,Nara,29441,吉野郡吉野町,Yoshino-cho
29,奈良県,Nara,29442,吉野郡大淀町,Oyodo-cho
29,奈良県,Nara,29443,吉野郡下市町,Shimoichi-cho
29,奈良県,Nara,29444,吉野郡黒滝村,Kurotaki-mura
29,奈良県,Nara,29446,吉野郡天川村,Tenkawa-mura
29,奈良県,Nara,29447,吉野郡野迫川村,Nosegawa-mura
29,奈良県,Nara,29449,吉野郡十津川村,Totsukawa-mura
29,奈良県,Nara,29450,吉野郡下北山村,Shimokitayama-mura
29,奈良県,Nara,29451,吉野郡上北山村,Kamikitayama-mura
29,奈良県,Nara,29452,吉野郡川上村,Kawakami-mura
29,奈良県,Nara,29453,吉野郡東吉野村,Higashiyoshino-mura
30,和歌山県,Wakayama,30201,和歌山市,Wakayama-shi
30,和歌山県,Wakayama,30202,海南市,Kainan-shi
30,和歌山県,Wakayama,30203,橋本市,Hashimoto-shi
30,和歌山県,Wakayama,30204,有田市,Arida-shi
30,和歌山県,Wakayama,30205,御坊市,Gobo-shi
30,和歌山県,Wakayama,30206,田辺市,Tanabe-shi
30,和歌山県,Wakayama,30207,新宮市,Shingu-shi
30,和歌山県,Wakayama,30208,紀の川市,Kinokawa-shi
30,和歌山県,Wakayama,30209,岩出市,Iwade-shi
30,和歌山県,Wakayama,30304,海草郡紀美野町,Kimino-cho
30,和歌山県,Wakayama,30341,伊都郡かつらぎ町,Katsuragi-cho
30,和歌山県,Wakayama,30343,伊都郡九度山町,Kudoyama-cho
30,和歌山県,Wakayama,30344,伊都郡高野町,Koya-cho
30,和歌山県,Wakayama,30361,有田郡湯浅町,Yuasa-cho
30,和歌山県,Wakayama,30362,有田郡広川町,Hirogawa-cho
30,和歌山県,Wakayama,30366,有田郡有田川町,Aridagawa-cho
30,和歌山県,Wakayama,30381,日高郡美浜町,Mihama-cho
30,和歌山県,Wakayama,30382,日高郡日高町,Hidaka-cho
30,和歌山県,Wakayama,30383,日高郡由良町,Yura-cho
30,和歌山県,Wakayama,30390,日高郡印南町,Inami-cho
30,和歌山県,Wakayama,30391,日高郡みなべ町,Minabe-cho
30,和歌山県,Wakayama,30392,日高郡日高川町,Hidakagawa-cho
30,和歌山県,Wakayama,30401,西牟婁郡白浜町,Shirahama-cho
30,和歌山県,Wakayama,30404,西牟婁郡上富田町,Kamitonda-cho
30,和歌山県,Wakayama,30406,西牟婁郡すさみ町,Susami-cho
30,和歌山県,Wakayama,30421,東牟婁郡那智勝浦町,Nachikatsura-cho
30,和歌山県,Wakayama,30422,東牟婁郡太地町,Taiji-cho
30,和歌山県,Wakayama,30424,東牟婁郡古座川町,Kozagawa-cho
30,和歌山県,Wakayama,30427,東牟婁郡北山村,Kitayama-mura
30,和歌山県,Wakayama,30428,東牟婁郡串本町,Kushimoto-cho
